0.0000000000000000, 0.0000000000000000, -0.0000000000000000, 0.2000000000000000, 1.0000000000000000, 0.0000000000000000, -0.0000000000000000, -0.0000000000000000, -0.0000000000000000, 0.0000000000000000, -0.0000000000000000, -0.0000000000000000, -0.0000000000000000, 0.0000000000000000, 0.8883648438913904, -1.8161482537881488, 0.8883648438913904, -1.8161482537881488, -0.8883648438913901, 1.8161482537881488, -0.8883648438913901, 1.8161482537881488, -0.0000000000000000, -0.0000000000000000, -0.0000000000000000, -0.0000000000000000, -0.0000000000000000, -0.0000000000000000, -0.0000000000000000, -0.0000000000000000, -0.0010921266410611, 0.3969254490925578, -0.0010940916481453, 0.3841842970075967, -0.0010921266406241, -0.3837913174871649, -0.0010940916476612, -0.3710385703283426
0.0200000000000000, -0.0000000000000000, 0.0000000000000000, 0.2000000000000000, 1.0000000000000000, -0.0000000000000000, -0.0000000000000000, -0.0000000000000000, -0.0003050925444754, -0.0018846759480524, -0.0288046784182054, 0.0098672994135159, -0.0389396758698807, -0.0000062005246806, 0.8883671765233865, -1.8161497251262964, 0.8883672471809839, -1.8161497600869965, -0.8883638767566240, 1.8161497542185294, -0.8883638176780737, 1.8161497521535919, 0.0001166315998058, -0.0000735669073770, 0.0001201644796778, -0.0000753149423827, 0.0000483567383081, 0.0000750215190304, 0.0000513106658218, 0.0000749182721527, -0.0036126538875970, 0.4024834205805501, -0.0036106661336466, 0.3935156689638354, -0.0036126721121591, -0.3984654713900204, -0.0036106853345407, -0.3894824222974628
0.0400000000000000, -0.0000061018508895, -0.0000376935189610, 0.1994239064316359, 0.9999999193276412, 0.0000986664240284, -0.0003893708308518, -0.0000000620011182, -0.0013128387874108, -0.0032220044235129, -0.0523773472694376, 0.0163197415619687, -0.0469709394729787, 0.0000043698966949, 0.8906086147027471, -1.8192601670201276, 0.8908300779956946, -1.8197219098815205, -0.8902121765911277, 1.8215673963285239, -0.8904333856494128, 1.8220287268774018, 0.1120719089680311, -0.1555220946915625, 0.1231415407355330, -0.1786074897262013, -0.0924149917251871, 0.2708821054997257, -0.1034783985669530, 0.2939487361904969, -0.0031391054196283, 0.4083837290502989, -0.0031574681457188, 0.4024431855596601, -0.0031350536053311, -0.4069314099789698, -0.0031533858039581, -0.4009887274225800
0.0600000000000000, -0.0000323586266377, -0.0001021336074313, 0.1983763594862472, 0.9999995967339406, 0.0002618529087131, -0.0008590488987089, -0.0000000011064324, -0.0021983156394044, -0.0041421794478626, -0.0724645721951662, 0.0211597195483397, -0.0487600058433774, -0.0000463235033094, 0.8944794747805833, -1.8256490515606358, 0.8950660958972033, -1.8268712681434875, -0.8937930744428845, 1.8307240737815573, -0.8943770492739339, 1.8319439096703483, 0.1935430038918107, -0.3194442270254116, 0.2118008950754369, -0.3574679130983527, -0.1790448925878374, 0.4578338726516695, -0.1971831812260572, 0.4957591396473227, -0.0021480261939831, 0.4127521965053062, -0.0021617884307571, 0.4093949901050327, -0.0021432527262370, -0.4125548426341738, -0.0021569557801600, -0.4091880434940461
0.0800000000000000, -0.0000763249394258, -0.0001849771963886, 0.1969270680423438, 0.9999989812409957, 0.0004734363029395, -0.0013466160809458, -0.0000004102212166, -0.0028322083588473, -0.0047456690127791, -0.0903785803590158, 0.0247040203102224, -0.0492249319603355, -0.0000785474613710, 0.8996997308713303, -1.8349730267789279, 0.9007548484492478, -1.8371744962571244, -0.8988711080889503, 1.8428957822181833, -0.8999220252973583, 1.8450906337558415, 0.2610128045373472, -0.4661987609146045, 0.2844376276022242, -0.5151614056818410, -0.2539016823032925, 0.6085854218312980, -0.2772488011712204, 0.6573362042746611, -0.0010699566004744, 0.4157848798421623, -0.0010847668028578, 0.4147445576012423, -0.0010685389733875, -0.4165612025010399, -0.0010832644028926, -0.4155132714900085
0.1000000000000000, -0.0001329691066028, -0.0002798905766441, 0.1951194964351635, 0.9999980498147756, 0.0007204606067515, -0.0018388316829932, -0.0000010960297370, -0.0032057956591696, -0.0050938352932565, -0.1070367171732372, 0.0271513186016674, -0.0493653592732127, -0.0001132789825512, 0.9061204079729533, -1.8469341773780914, 0.9077162140013927, -1.8502684077606606, -0.9052636330257948, 1.8576982607361030, -0.9068532988382529, 1.8610190782963834, 0.3210338550811542, -0.5980575299581736, 0.3480682776072441, -0.6546955751768113, -0.3196262468422251, 0.7401239258959857, -0.3465636770447311, 0.7964222270270938, 0.0000466371645623, 0.4180787247032161, 0.0000319458443888, 0.4192649542563952, 0.0000410270914222, -0.4197717706204263, 0.0000264166501511, -0.4209553790434882
0.1200000000000000, -0.0001970850197862, -0.0003817672825093, 0.1929787620916987, 0.9999967878406185, 0.0009919566333471, -0.0023324506714265, -0.0000020851423105, -0.0033167055078826, -0.0052136364757079, -0.1229770585105954, 0.0286131429569303, -0.0494097104943128, -0.0001494874034860, 0.9136634486918078, -1.8613390778826091, 0.9158449634892056, -1.8659040458270117, -0.9128454043454397, 1.8749125525323731, -0.9150187565741453, 1.8794547734905067, 0.3771520359427238, -0.7202450252258852, 0.4064374743906474, -0.7817819033175577, -0.3790885659822441, 0.8607145898135049, -0.4082728867946195, 0.9217847597061679, 0.0012410689699320, 0.4203625378887887, 0.0012231193133001, 0.4238592713508130, 0.0012246240223773, -0.4229769861768919, 0.0012067398355274, -0.4264841218818332
0.1400000000000000, -0.0002634191299438, -0.0004860400120234, 0.1905192209214868, 0.9999951886654252, 0.0012780704100241, -0.0028265120642975, -0.0000034026590355, -0.0031455546556277, -0.0051004863977652, -0.1383484264776329, 0.0290092857540578, -0.0494376830890452, -0.0002013856454067, 0.9222895064063169, -1.8780650674728092, 0.9250775186941644, -1.8839092796070984, -0.9215261098035662, 1.8944050973326869, -0.9243042327535473, 1.9002149665473684, 0.4313028857254542, -0.8362994795100054, 0.4616277602479402, -0.9002616890043336, -0.4340352729063246, 0.9746272400156908, -0.4642738089701004, 1.0380096528430860, 0.0025537630533872, 0.4234753306662812, 0.0025616524602492, 0.4295810978105833, 0.0025219619710136, -0.4270732742779103, 0.0025295212802628, -0.4331811714429249
0.1600000000000000, -0.0003263302230564, -0.0005880497399787, 0.1877522523919342, 0.9999932563944215, 0.0015681463801435, -0.0033208515890399, -0.0000052282812643, -0.0026498870530769, -0.0047138705636132, -0.1528723691379454, 0.0281471271459071, -0.0494954982121010, -0.0001769613613749, 0.9319730371280254, -1.8970093829056407, 0.9353626173636750, -1.9041295948184089, -0.9312220842050923, 1.9160679821050182, -0.9346017233159133, 1.9231405229416989, 0.4841765360854233, -0.9472157716415741, 0.5142549334755275, -1.0110157605655257, -0.4847987200763071, 1.0831442386165624, -0.5148745281182976, 1.1462778197165235, 0.0040807853005463, 0.4284351586965787, 0.0040762003924390, 0.4376814548003644, 0.0040269707254535, -0.4331034693010855, 0.0040219595032878, -0.4423891093179493
0.1800000000000000, -0.0003793279641179, -0.0006823271512510, 0.1846948050091753, 0.9999910093814588, 0.0018496000692139, -0.0038157684757251, -0.0000068392125018, -0.0017614087317255, -0.0039752522695366, -0.1657737035824414, 0.0252983820568074, -0.0495829718125766, -0.0002062650163452, 0.9426743727256178, -1.9180290134750837, 0.9466348800298308, -1.9263638167843271, -0.9418252102918159, 1.9397557553388307, -0.9457737299113279, 1.9480303072172207, 0.5350667798796227, -1.0509815284721502, 0.5636131333077887, -1.1117110982959089, -0.5301563043361768, 1.1843886616906274, -0.5586003297707309, 1.2444892137760899, 0.0058436985176872, 0.4378200591733671, 0.0058486224799372, 0.4483571621336181, 0.0057584294871244, -0.4436470860497319, 0.0057624512524969, -0.4542381111104615
0.2000000000000000, -0.0004145561387524, -0.0007618321966417, 0.1813793309375265, 0.9999884947299112, 0.0021025689819793, -0.0043115580824526, -0.0000088534680762, -0.0003870729073047, -0.0031626175171008, -0.1757083235628923, 0.0219348469427718, -0.0499331548054226, -0.0002011831455256, 0.9543186527587156, -1.9408823837829761, 0.9587750417219285, -1.9502811764901973, -0.9531701413738680, 1.9652304517359547, -0.9576127397026442, 1.9745545753409153, 0.5822140016548905, -1.1426685153946181, 0.6070080846048875, -1.1958679852935084, -0.5672465541026073, 1.2737348198561982, -0.5919504895658123, 1.3262134061847286, 0.0079894633212340, 0.4538203635974051, 0.0079790053180623, 0.4631067247784056, 0.0078575182139733, -0.4610274924663141, 0.0078460125165182, -0.4703866673281152
0.2200000000000000, -0.0004222975968985, -0.0008250845469837, 0.1778651644662686, 0.9999857320903107, 0.0023219042778422, -0.0048108477428294, -0.0000109692796798, 0.0016158191523595, -0.0026609727048356, -0.1805512333568299, 0.0200599651428767, -0.0506127060961400, -0.0002222861253553, 0.9667377420251489, -1.9650949564799731, 0.9716076499192015, -1.9753883130149046, -0.9649683046479206, 1.9920332417337840, -0.9698211480723965, 2.0022386198216737, 0.6209544633216657, -1.2106286348498529, 0.6416304098636472, -1.2553568262353654, -0.5899081637026293, 1.3401394998914684, -0.6104204184876172, 1.3842022240379226, 0.0106332152809256, 0.4775925639148327, 0.0106154540908398, 0.4854822491703372, 0.0104309147502504, -0.4865610764580666, 0.0104116202378589, -0.4945290256622540
0.2400000000000000, -0.0003899812138513, -0.0008783040010805, 0.1742541397991320, 0.9999826834023954, 0.0025224925214682, -0.0053169302429542, -0.0000134020699659, 0.0044485307177450, -0.0025000408570908, -0.1772028453421063, 0.0198848039523922, -0.0515729202400727, -0.0002209843868345, 0.9796252704943301, -1.9898481015894505, 0.9848614683936255, -2.0009391290892471, -0.9767491323710348, 2.0193718801152327, -0.9819612873606577, 2.0303598637535973, 0.6443764234590588, -1.2376572554738674, 0.6626909237212042, -1.2775408037171254, -0.5890413861557087, 1.3669319190724338, -0.6070069644130593, 1.4060621965961806, 0.0138897811207077, 0.5117246045994548, 0.0138419114915522, 0.5187930582690939, 0.0135795723965507, -0.5228624637478829, 0.0135298574536668, -0.5300415041076006
0.2600000000000000, -0.0003010105994964, -0.0009283048182223, 0.1707100828922898, 0.9999792871615786, 0.0027213283439529, -0.0058326124912165, -0.0000158553722337, 0.0083707970060243, -0.0026167351885701, -0.1613836134810052, 0.0209086789257522, -0.0529498957366272, -0.0002545944833266, 0.9925032869287043, -2.0138944741734814, 0.9981002021863875, -2.0257672479085387, -0.9878120669578841, 2.0460246593313807, -0.9933699762482988, 2.0577807996331861, 0.6439008217187070, -1.2023186292015486, 0.6619366896380985, -1.2414059409645795, -0.5531467293424686, 1.3326389608073974, -0.5704344443820564, 1.3710467939794357, 0.0178691232053049, 0.5599777929965206, 0.0177856616159853, 0.5667927522630909, 0.0173923409802809, -0.5738109943900479, 0.0173063577018003, -0.5807820833251451
0.2800000000000000, -0.0001335946593759, -0.0009806395219937, 0.1674824106226697, 0.9999754679868434, 0.0029304029103527, -0.0063620607101022, -0.0000186224960295, 0.0137217739969729, -0.0029781020057159, -0.1272984221132379, 0.0224620781562607, -0.0549411712585049, -0.0003049097898294, 1.0046678470958388, -2.0354111960537034, 1.0106508990044265, -2.0481096973997537, -0.9971571027754285, 2.0702136286672199, -1.0030731249012037, 2.0827805727042961, 0.6082280083567260, -1.0758360940110956, 0.6275348409019499, -1.1171224745607500, -0.4672517908772156, 1.2094484667919625, -0.4851574326452446, 1.2499886535555005, 0.0227054697592610, 0.6270317662730553, 0.0225797846668518, 0.6342203791867254, 0.0219697370627204, -0.6442230158349094, 0.0218401984959598, -0.6516284669722676
0.3000000000000000, 0.0001408408205635, -0.0010402015621080, 0.1649364421804050, 0.9999711384553962, 0.0031550118972156, -0.0069114165426939, -0.0000218522477197, 0.0209481495658366, -0.0035611402910380, -0.0672273688591242, 0.0242398400092151, -0.0577927136561119, -0.0003385390436448, 1.0150966303875495, -2.0517918140439431, 1.0215125524189148, -2.0653941697982230, -1.0033873629036900, 2.0893985068496779, -1.0096875487808845, 2.1028517890497764, 0.5214391645855354, -0.8190308995119855, 0.5430826707244152, -0.8642236199234654, -0.3115130064130778, 0.9592439091228977, -0.3307211939840404, 1.0035608172740185, 0.0285386730378560, 0.7185256117214603, 0.0283369456600175, 0.7269065605421083, 0.0273985915377186, -0.7398754200161169, 0.0271912721537715, -0.7485763298547780
0.3200000000000000, 0.0005598038118803, -0.0011114243679288, 0.1635918948032225, 0.9999661832803929, 0.0033973973381989, -0.0074892818450235, -0.0000253853519768, 0.0306376480296127, -0.0043604597229065, 0.0289693981130249, 0.0252681410600936, -0.0617888878097065, -0.0003874330699220, 1.0223024515749717, -2.0593497126214877, 1.0292200833308600, -2.0739618573110428, -1.0045823260607187, 2.0999909491740780, -1.0113023819279332, 2.1144320050309631, 0.3602910593711095, -0.3778949288772315, 0.3853765455972602, -0.4283843756409889, -0.0597481578514358, 0.5296221162200077, -0.0807416573524344, 0.5790107990593318, 0.0354429605560031, 0.8409474721062671, 0.0351335342906810, 0.8517017020419017, 0.0336725759659631, -0.8674838774628795, 0.0333543671487164, -0.8787050112323754
0.3400000000000000, 0.0011725567724725, -0.0011986335623869, 0.1641712827654830, 0.9999604747557819, 0.0036500659882791, -0.0081071003584725, -0.0000294660865761, 0.0435560976523991, -0.0053600854124748, 0.1744549452168656, 0.0244942234486035, -0.0670104806882794, -0.0004146135546894, 1.0241120952875300, -2.0529240027572917, 1.0316090305465166, -2.0686501372423263, -0.9981408772092337, 2.0969765959078579, -1.0053157507905941, 2.1125022744984014, 0.0904821856279159, 0.3212854932097997, 0.1194473607828317, 0.2655860034358248, 0.3220724425742505, -0.1507176633110063, 0.2993315568669552, -0.0964865266280812, 0.0433222026487890, 1.0010452820728517, 0.0428525228814286, 1.0159662336029052, 0.0405746929838217, -1.0343937367340059, 0.0400905569478228, -1.0499991165520184
0.3600000000000000, 0.0020436787255205, -0.0013058352706364, 0.1676603816698203, 0.9999538939082084, 0.0038949952128271, -0.0087771241992565, -0.0000340719003334, 0.0606651108539397, -0.0065212743464744, 0.3861420974459614, 0.0201326909690112, -0.0720939374795370, -0.0003688206611914, 1.0172842878149482, -2.0252713482589382, 1.0254355762814460, -2.0421906205443063, -0.9805500211110854, 2.0733269899623155, -0.9882067580585023, 2.0900042735899489, -0.3413903736290913, 1.3826327249176762, -0.3086727132535327, 1.3229758349009968, 0.8795428049074183, -1.1824802972771220, 0.8554496366045883, -1.1249000454226277, 0.0513912978750370, 1.2039937989854483, 0.0506742564286086, 1.2256869342200913, 0.0471410095829762, -1.2481374233561056, 0.0463996418864694, -1.2708527443784678
0.3800000000000000, 0.0032569809425993, -0.0014362607575659, 0.1753832236187395, 0.9999465022131229, 0.0040963061918226, -0.0094979725119458, -0.0000388005975333, 0.0830047526085833, -0.0077338347015241, 0.6855610717117530, 0.0112423216023824, -0.0684661958333467, -0.0002219908822654, 0.9968694084723588, -1.9661021525122164, 1.0057214847590326, -1.9842297518371230, -0.9470028989542623, 2.0190276028284044, -0.9551493701030135, 2.0368513623603710, -1.0207439671294671, 2.9584597873360874, -0.9857045761206717, 2.8980434353591655, 1.6773561078411547, -2.7149693566955513, 1.6528693977744424, -2.6576455614788941, 0.0556854034654458, 1.4473603895820033, 0.0546485871879420, 1.4793586489897852, 0.0491123472071683, -1.5167103581611232, 0.0480326999617983, -1.5502323530640179
0.4000000000000000, 0.0049170759947710, -0.0015909374515963, 0.1890944450529746, 0.9999392985110411, 0.0042087094597867, -0.0101825453486369, -0.0000427569078422, 0.1108730791281941, -0.0088286958360582, 1.0998985866370607, -0.0020481800175073, -0.0131409397775226, 0.0000612495986110, 0.9550317807639420, -1.8603305533714447, 0.9646003589192733, -1.8796478203155389, -0.8906294498249395, 1.9190861782153745, -0.8992748458666865, 1.9380026617875330, -2.0918813854208405, 5.2885799570385856, -2.0560562919879621, 5.2290965760792059, 2.8186724564661367, -4.9970712306514953, 2.7937262118163497, -4.9424350286419001, 0.0400690235576493, 1.6955285470083712, 0.0294007988606172, 1.7493888154663026, 0.0293553930617799, -1.8484697286695986, 0.0189645278091405, -1.9136504338489402
0.4200000000000000, 0.0071345375773348, -0.0017675113683175, 0.2110924167857158, 0.9999380378980298, 0.0041882183761695, -0.0103139396227455, -0.0000429060595491, 0.1393377102236049, -0.0072833785157714, 1.6633630220327700, -0.0055407716086239, 0.3079678929436144, -0.0300440980353476, 0.8785342811808944, -1.6846699774551828, 0.8888721892536511, -1.7052975648709923, -0.8007400494186975, 1.7483832922517655, -0.8099772608334004, 1.7684581711780731, -3.8248749791523817, 8.7830287958130970, -3.7864084832811118, 8.7175127722273320, 4.4944700203121020, -8.5351442981804517, 4.4648792516643052, -8.4772245304729932, -0.0985899898557433, 1.3898332277435590, -0.1354158349716793, 1.4466423298210236, -0.1197952155102875, -1.8952019261489796, -0.1554382960817976, -1.9906130732548277
0.4400000000000000, 0.0099212917818069, -0.0019131789386329, 0.2443596772263712, 0.9999652307098044, 0.0041360281346977, -0.0072333320593863, -0.0003309834969643, 0.1312772821499748, -0.0010371539758941, 2.2245807243996167, 0.1168486764258719, 1.9673745608087834, -0.1418484883728808, 0.7419088021451482, -1.4003409661239814, 0.7530711056010451, -1.4239481727712711, -0.7676725642695473, 1.6922252185126443, -0.7780594419547560, 1.7131635741687927, -6.8312739517873089, 14.2164505665600682, -6.7900541826303007, 14.0674696049860604, 1.6533742574575072, -2.8079036869560592, 1.5958909439322211, -2.7647298504640205, -1.4857321781838859, 0.5008825993414182, -1.3219426949876318, 0.7112480575784104, -0.0000058769969702, -0.0000071587061928, -0.0000057903693815, -0.0000071442704150
0.4600000000000000, 0.0125468374248064, -0.0019339220181508, 0.2888512917143635, -0.9999069733468631, -0.0053205909164358, -0.0124491507399874, 0.0016597019216565, -0.0133095541017638, 0.0025249756435942, 2.3758107527782695, -0.0238540215552401, -0.0451669369421714, 0.0002851376394656, 0.7683984233923939, -1.5056312024199592, 0.7744573861900640, -1.5261053773667708, -0.6545875816622985, 1.3902443080786451, -0.7224978291596680, 1.5277478643525493, 1.3244810623622871, -5.2645118147988885, 1.0693140294509462, -5.1078602297749853, 5.6542491303624427, -15.0990455216999599, 2.7780806397543989, -9.2707854908121714, -0.0000036865143187, 0.0000004303813884, -0.0000037043648269, 0.0000004980700001, -0.0000041170880390, -0.0000042228937974, -0.0000030831080408, -0.0000034076898753
0.4800000000000000, 0.0122806463427712, -0.0018834225052789, 0.3363675067699289, -0.9999137392681307, -0.0050813739720386, -0.0119979324701071, 0.0016562843427629, -0.0133103483500811, 0.0025241813114955, 2.1796118868244165, -0.0238982439468896, -0.0451524404203821, 0.0002737278111181, 0.6764883851064890, -1.3254647991336499, 0.6879043603207553, -1.3559985961504137, -0.5804071760148741, 1.2314989733518811, -0.6576722120546719, 1.3876069608166297, -4.5955019142952471, 9.0083201643154638, -4.3276512934654345, 8.5053390608178514, 3.7090202823712168, -7.9372667363381995, 3.2412808552498062, -7.0070451767959785, -0.0000024977638227, 0.0000000479853229, -0.0000024567169599, 0.0000000968335737, -0.0000025817438629, -0.0000024504766156, -0.0000020938298088, -0.0000021561176494
0.5000000000000000, 0.0120144393757695, -0.0018329388790490, 0.3799597445064172, -0.9999202446107996, -0.0048417124167021, -0.0115468573249516, 0.0016529743705919, -0.0133108408460905, 0.0025236887115641, 1.9834125897802797, -0.0239280188222750, -0.0451429804404615, 0.0002620175387032, 0.6419091382164489, -1.2573978310549030, 0.6533462738450423, -1.2878184452158921, -0.5479321548381094, 1.1625342288823506, -0.6171453673324007, 1.3008866679049778, -1.7289623445020053, 3.4033484039373452, -1.7279043237856506, 3.4090075467260839, 1.6237510588382353, -3.4482372234765246, 2.0263422361135595, -4.3360146455825976, -0.0000017292736586, -0.0000000244916780, -0.0000017024999244, 0.0000000082940047, -0.0000017840274099, -0.0000016384208793, -0.0000015585311357, -0.0000015379085342
0.5200000000000000, 0.0117482225588477, -0.0017824651048177, 0.4196279963020229, -0.9999264891420918, -0.0046017506968308, -0.0110958748112643, 0.0016497771568030, -0.0133111791133009, 0.0025233503321577, 1.7872130724073030, -0.0239492736183229, -0.0451362512420827, 0.0002502572930104, 0.6480390583762503, -1.2697403516797059, 0.6586060344084865, -1.2984456903030672, -0.5560904639865369, 1.1795359093660089, -0.6035128654484397, 1.2716989545535606, 0.3064960079900703, -0.6171260312401450, 0.2629880281722119, -0.5313622543587582, -0.4079154574213761, 0.8500840241829177, 0.6816250941980462, -1.4593856675708561, -0.0000012670404804, -0.0000000093995068, -0.0000012481087927, 0.0000000136168984, -0.0000013058205146, -0.0000012100133493, -0.0000012149616974, -0.0000011824637942
0.5400000000000000, 0.0114819989765817, -0.0017319980981746, 0.4553722577501689, -0.9999324726937089, -0.0043615740637453, -0.0106449575755062, 0.0016466944304840, -0.0133114312014833, 0.0025230981213557, 1.5910134319299236, -0.0239652139943616, -0.0451312176342354, 0.0002384676511593, 0.6860813517187119, -1.3452078511760144, 0.6951872727637100, -1.3711718990936932, -0.5957680474998567, 1.2632488847161185, -0.6145150679792235, 1.2947374362824506, 1.9021146671230782, -3.7733749748154244, 1.8290619177611711, -3.6363104395312984, -1.9838791756659868, 4.1856487675054783, -0.5501101265391883, 1.1519240864445002, -0.0000009633837942, 0.0000000305325515, -0.0000009492650824, 0.0000000471685296, -0.0000009924891402, -0.0000009588908727, -0.0000009749529819, -0.0000009604762368
0.5600000000000001, 0.0112157703525520, -0.0016815361357475, 0.4871925263887674, -0.9999381951565891, -0.0041212357375611, -0.0101940886666544, 0.0016437272386325, -0.0133116301300281, 0.0025228990531226, 1.3948137155310889, -0.0239775559283830, -0.0451273276499764, 0.0002266588243121, 0.7447112160861452, -1.4611867247079819, 0.7521565662763422, -1.4841624300844118, -0.6546422051270672, 1.3883183141211921, -0.6440612579444870, 1.3571603845770377, 2.9314932183716667, -5.7989436765983777, 2.8484646756316123, -5.6495265495359321, -2.9437078813605244, 6.2534714702536798, -1.4773094982631740, 3.1211474147293528, -0.0000007520461366, 0.0000000722170707, -0.0000007411727396, 0.0000000845799706, -0.0000007748537389, -0.0000007974383880, -0.0000007994354615, -0.0000008131955678
0.5800000000000000, 0.0109495377499515, -0.0016310781546850, 0.5150888006993892, -0.9999436564550098, -0.0038807717920540, -0.0097432566805039, 0.0016408762723735, -0.0133117940476228, 0.0025227349658630, 1.1986139491573509, -0.0239873358505297, -0.0451242491579469, 0.0002148365354012, 0.8137057196971137, -1.5972145283945842, 0.8195308232077398, -1.6174341071471889, -0.7219170401786633, 1.5326504052974712, -0.6846361721429581, 1.4433302683839704, 3.4497251805484241, -6.8013901843301134, 3.3687128465698821, -6.6635838531388547, -3.3637417525798075, 7.2166045588139545, -2.0287457099235571, 4.3084941903466341, -0.0000005992584456, 0.0000001079240240, -0.0000005908637604, 0.0000001173150693, -0.0000006177379021, -0.0000006854644609, -0.0000006679669627, -0.0000007105178680
0.6000000000000000, 0.0106833018689990, -0.0015806234553678, 0.5390610796825362, -0.9999488565341089, -0.0036402079447216, -0.0092924535505883, 0.0016381420137537, -0.0133119338588692, 0.0025225949245782, 1.0024141484309264, -0.0239952357092157, -0.0451217646345872, 0.0002030041526049, 0.8851104925405204, -1.7374288815089176, 0.8894400311121214, -1.7552864565941511, -0.7896278521912032, 1.6798661398695516, -0.7292396014750139, 1.5386331090626872, 3.5702386421703367, -7.0107176557166691, 3.4954603952190797, -6.8926174723481060, -3.3855406006269959, 7.3607867286040181, -2.2301714666027870, 4.7651420339358426, -0.0000004858262423, 0.0000001362809274, -0.0000004800764624, 0.0000001432208108, -0.0000005011648236, -0.0000006034098982, -0.0000005687050777, -0.0000006363323703
0.6200000000000000, 0.0104170631918216, -0.0015301715568762, 0.5591093626511549, -0.9999537953530022, -0.0033995630987731, -0.0088416733965035, 0.0016355248128044, -0.0133120565235338, 0.0025224718545635, 0.8062143234590099, -0.0240017360463374, -0.0451197226816220, 0.0001911630701690, 0.9527997877429182, -1.8697595224162435, 0.9557680075506492, -1.8856445769827743, -0.8520704050619717, 1.8179257465607876, -0.7721319662937682, 1.6308941668632893, 3.3844647601198874, -6.6165320453662968, 3.3163988219263860, -6.5179060194311633, -3.1221276435384246, 6.9029803345618035, -2.1446182409377177, 4.6130528900301000, -0.0000003586008177, 0.0000001796376085, -0.0000003981377581, 0.0000001624962155, -0.0000003428418470, -0.0000005100801066, -0.0000004943874650, -0.0000005818925648
0.6400000000000000, 0.0101508220613510, -0.0014797221197849, 0.5752336491203350, -0.9999584728806649, -0.0031588513555137, -0.0083909118594908, 0.0016330249381219, -0.0133121587455714, 0.0025223608813769, 0.6100144812053725, -0.0240071904811147, -0.0451181271050642, 0.0001792439260986, 1.0116761824425469, -1.9844005800044839, 1.0134146193323248, -1.9986398214847783, -0.9049988649432285, 1.9372257450946690, -0.8088184649603281, 1.7102830028205021, 2.9438197349814343, -5.7320528794120191, 2.8823305890837814, -5.6497622251001962, -2.6464229940628359, 5.9649999266940696, -1.8343249333279910, 3.9694417978606400, 0.0000002901185345, 0.0000005002131787, -0.0000003386947828, 0.0000001760077999, 0.0000003014517437, -0.0000002130463595, -0.0000004404798154, -0.0000005424425260
0.6600000000000000, 0.0098845788864395, -0.0014292749021574, 0.5874339387444424, -0.9999628891010469, -0.0029180832748392, -0.0079401645507043, 0.0016306433074941, -0.0133121612086080, 0.0025222584328444, 0.4138146267732609, -0.0240118232676526, -0.0451179753639408, 0.0001665283518033, 1.0570085647448859, -2.0725433763442962, 1.0576688733085993, -2.0853925519051710, -0.9450578188141454, 2.0291711890593809, -0.8358001374816337, 1.7688237257556305, 2.2666191151169524, -4.4071398169906129, 2.2127126988137236, -4.3376365210196388, -2.0029476935458477, 4.5972721982355909, -1.3490836260652839, 2.9270361467564232, 0.0000002544903078, 0.0000004712094863, -0.0000002981357035, 0.0000001846034779, 0.0000002645999983, -0.0000002215116165, -0.0000004042344557, -0.0000005154440467
0.6800000000000000, 0.0096183356622674, -0.0013788297335005, 0.5957102312799076, -0.9999670440691237, -0.0026772671018790, -0.0074894171319611, 0.0016283880213108, -0.0133121635651091, 0.0025221617088186, 0.2176147641628992, -0.0240159588694308, -0.0451178203749228, 0.0001538576868468, 1.0840062787671809, -2.1254707317508732, 1.0837962539151687, -2.1371242989605657, -0.9693217588914966, 2.0852126332276915, -0.8503478498447055, 1.8000863156225051, 1.3498857011147503, -2.6463677703288502, 1.3063690303284692, -2.5865873527697314, -1.2131970038675610, 2.8020722084155292, -0.7273856181535865, 1.5631294933437290, 0.0000002340655702, 0.0000004535075402, -0.0000002748670209, 0.0000001887790128, 0.0000002432683911, -0.0000002254889108, -0.0000003841719805, -0.0000004996142014
0.7000000000000001, 0.0093520923909652, -0.0013283864993241, 0.6000625265631656, -0.9999709377415587, -0.0024364079313624, -0.0070386697133035, 0.0016262586900023, -0.0133121659308451, 0.0025220683317406, 0.0214148967706947, -0.0240198210312629, -0.0451176597329951, 0.0001412129296456, 1.0876059949135823, -2.1338333611675964, 1.0868137977408971, -2.1444430404660553, -0.9746149690411163, 2.0960988692599769, -0.8504107472935367, 1.7992946488856039, 0.1799858073200711, -0.4181314708361583, 0.1508771912864248, -0.3659370752744806, -0.2646605074809849, 0.5443118016142723, -0.0031448724415628, -0.0395833368450615, 0.0000002299496083, 0.0000004475147534, -0.0000002691436530, 0.0000001883655277, 0.0000002384974124, -0.0000002242666235, -0.0000003797496814, -0.0000004943524778
0.7200000000000000, 0.0090858490723483, -0.0012779451326893, 0.6004908244985795, -0.9999745700843138, -0.0021955086191569, -0.0065879224331907, 0.0016242550936577, -0.0133121683068890, 0.0025219760777918, -0.1747849722266651, -0.0240236350064873, -0.0451174938309422, 0.0001285752182828, 1.0642354760706765, -2.0905115710732050, 1.0631896043760851, -2.1002033714976629, -0.9579756307161547, 2.0547530349157186, -0.8348114828339462, 1.7640480016619462, -1.1685259421452932, 2.1660895047195705, -1.1812096682406015, 2.2119834484196188, 0.8319669162480836, -2.0672917172129157, 0.7799632229795239, -1.7623323611828834, 0.0000002436293965, 0.0000004537696070, -0.0000002822548669, 0.0000001825199835, 0.0000002517383682, -0.0000002168794224, -0.0000003910310691, -0.0000004993298826
0.7400000000000000, 0.0088196057062105, -0.0012275056111335, 0.5969951250540463, -0.9999779410702194, -0.0019545697673722, -0.0061371754303836, 0.0016223771836340, -0.0133121706483809, 0.0025218826994093, -0.3709848396185783, -0.0240276392597490, -0.0451173252036461, 0.0001159249458858, 1.0173019679351802, -2.0010942632663342, 1.0162374454796597, -2.0099642322516269, -0.9208023341233563, 1.9668431471112555, -0.8036448594583006, 1.6952215173143441, -2.3466754067748119, 4.4708653903435369, -2.3476079448212728, 4.5119569623017997, 1.8586648296399166, -4.3954943902231536, 1.5583311687822843, -3.4413242173801040, 0.0000002744986603, 0.0000004714323481, -0.0000003134512918, 0.0000001708509229, 0.0000002823412677, -0.0000002032696396, -0.0000004183761986, -0.0000005142294293
0.7600000000000000, 0.0085533622932429, -0.0011770679571453, 0.5895754282616747, -0.9999810506765938, -0.0017135895924062, -0.0056864288225962, 0.0016206250922792, -0.0133121729277948, 0.0025217859726087, -0.5671847022280023, -0.0240320683408150, -0.0451171549682491, 0.0001032428751713, 0.9512783647207491, -1.8732878994544027, 0.9503110554822013, -1.8814134657222246, -0.8652125176391304, 1.8400995615196922, -0.7579422632006384, 1.5959225195418762, -3.3011801607215561, 6.3903181905965774, -3.2963194998729182, 6.4275383264701169, 2.7794908242112948, -6.3371792795781641, 2.2851298128831075, -4.9649498886233934, 0.0000003229131104, 0.0000004999271988, -0.0000003630535861, 0.0000001522482807, 0.0000003306331251, -0.0000001826941675, -0.0000004627967654, -0.0000005389231410
0.7800000000000000, 0.0082871188346870, -0.0011266322376931, 0.5782317342171146, -0.9999838988821921, -0.0014725639643750, -0.0052356827204411, 0.0016189991326411, -0.0133121751286485, 0.0025216835198248, -0.7633845566583733, -0.0240371650604111, -0.0451169832703502, 0.0000905085656106, 0.8698349453320555, -1.7137091186110178, 0.8689924549330442, -1.7211536566807986, -0.7933037886118550, 1.6811014755646112, -0.6994298091336861, 1.4706026109961361, -4.0721709694346799, 7.9789390421692419, -4.0659300274578536, 8.0129904520712998, 3.5954364513637702, -7.9499042977540508, 2.9256227033476132, -6.2659954272870078, 0.0000003911113216, 0.0000005394339549, -0.0000004333751708, 0.0000001245443350, 0.0000003988399538, -0.0000001532139455, -0.0000005263505254, -0.0000005737291105
0.8000000000000000, 0.0080208753321140, -0.0010761985672966, 0.5629640430839471, -0.9999864856643929, -0.0012314863247056, -0.0047849372371412, 0.0016174998132153, -0.0133121772241456, 0.0025215725410747, -0.9595843989096055, -0.0240432028162305, -0.0451168105114033, 0.0000776978597604, 0.7760593402318913, -1.5282626377826904, 0.7753149630812993, -1.5350710648692512, -0.7073782629875245, 1.4956591473446457, -0.6305273072570914, 1.3248502321153544, -4.6887802550082123, 9.2723240414163683, -4.6838745925872445, 9.3041295905773698, 4.2962762812165263, -9.2721164109982759, 3.4451250938297373, -7.2876189440390871, 0.0000004835305608, 0.0000005909911815, -0.0000005290390991, 0.0000000842897894, 0.0000004913995815, -0.0000001114698390, -0.0000006125666637, -0.0000006197391719
0.8200000000000001, 0.0077546317876311, -0.0010257671164751, 0.5437723551057549, -0.9999888109965245, -0.0009903473803713, -0.0043341924863512, 0.0016161278769315, -0.0133121791548846, 0.0025214494645809, -1.1557842238790270, -0.0240505126999434, -0.0451166384462576, 0.0000647796861247, 0.6728318914124513, -1.3227073783011196, 0.6721245238173528, -1.3288932295706859, -0.6100225522647300, 1.2893597127519372, -0.5545984815337602, 1.1658741662969052, -5.1613724409720003, 10.2777629740785414, -5.1595219631973279, 10.3088917649282621, 4.8677855361397233, -10.3149717296354240, 3.7964412861665573, -7.9488032909224566, 0.0000006077297143, 0.0000006568872351, -0.0000006579416463, 0.0000000261857068, 0.0000006158847395, -0.0000000521415352, -0.0000007271146899, -0.0000006794461336
0.8400000000000000, 0.0074883882045334, -0.0009753381271835, 0.5206566706281743, -0.9999908748449335, -0.0007491345269919, -0.0038834485694395, 0.0016148843714953, -0.0133121807939313, 0.0025213094162268, -1.3519840246034835, -0.0240595220609772, -0.0451164717401874, 0.0000517111997074, 0.5634864965163179, -1.1038380253050073, 0.5627196979402957, -1.1093525324649607, -0.5044796842190074, 1.0687074455534664, -0.4766600637907643, 1.0040118300521312, -5.4672697448066687, 10.9434676498056156, -5.4702412938528511, 10.9770348552862611, 5.2771434022861330, -11.0326133599235376, 3.8969208871497960, -8.0931168122386978, 0.0000007763170494, 0.0000007416934643, -0.0000008332831002, -0.0000000578620529, 0.0000007849343336, 0.0000000329850549, -0.0000008790103571, -0.0000007582176062
0.8600000000000000, 0.0072221445886548, -0.0009249119388590, 0.4936169901361047, -0.9999926771653490, -0.0005078308862378, -0.0034327055477936, 0.0016137707678595, -0.0133121818800272, 0.0025211453222361, -1.5481837909774641, -0.0240708160781947, -0.0451163208025271, 0.0000384294861939, 0.4533228421858891, -0.8824604806918592, 0.4523304485725257, -0.8871112839640318, -0.3959884867345349, 0.8440949690246915, -0.4049136351211274, 0.8559291897354627, -5.5081827165214365, 11.0688772306574030, -5.5194624683885003, 11.1120624250464424, 5.4245598742236245, -11.2306238264387463, 3.5873214334818435, -7.4041320158334258, 0.0000010109127961, 0.0000008552478291, -0.0000010777640996, -0.0000001798354654, 0.0000010202257444, 0.0000001560892394, -0.0000010829725033, -0.0000008680320958
0.8800000000000000, 0.0069559009510543, -0.0008744890324143, 0.4626533143165554, -0.9999942178978845, -0.0002664137274447, -0.0029819633877107, 0.0016127891612563, -0.0133121818769178, 0.0025209462504049, -1.7443835073834331, -0.0240852458593746, -0.0451162075360780, 0.0000248360479150, 0.3537794408709873, -0.6818170447226206, 0.3522192742138258, -0.6850515827756897, -0.2961482219589553, 0.6388036079387667, -0.3529851842807646, 0.7492487639625290, -4.9771700657450930, 10.0321717984619312, -5.0055587179349965, 10.1029850594171080, 4.9920132387789780, -10.2645680542962410, 2.5964225420181397, -5.3340212886466842, 0.0000013508302915, 0.0000010228192721, -0.0000014328000969, -0.0000003545000272, 0.0000013611786546, 0.0000003317602550, -0.0000013644997459, -0.0000010367779375
0.9000000000000000, 0.0066896573135159, -0.0008240701074062, 0.4277656441688867, -0.9999954969595134, -0.0000248518081204, -0.0025312218493877, 0.0016119426269384, -0.0133121796530647, 0.0025206940477122, -1.9405831478884159, -0.0241041372871810, -0.0451161778990713, 0.0000107649929624, 0.2923834795009333, -0.5577742584714941, 0.2895939729012958, -0.5583945888480064, -0.2347047624199653, 0.5130201549434171, -0.3390213885383889, 0.7207867783123938, -3.0697980685026991, 6.2021393125563264, -3.1312650656264984, 6.3328496963841632, 3.0721729769494983, -6.2891726497674769, 0.6981897871187859, -1.4230992825067623, 0.0000018742059495, 0.0000013224602342, -0.0000019809732755, -0.0000005844198546, 0.0000018861374881, 0.0000005580694267, -0.0000017723996009, -0.0000013280161667
0.9200000000000000, 0.0064234137204546, -0.0007736562264519, 0.3889539812111185, -0.9999965142316611, 0.0002168993742262, -0.0020804802533243, 0.0016112358934047, -0.0133121726895210, 0.0025203557154079, -2.1367826653512623, -0.0241297443315101, -0.0451163315181756, -0.0000040897929182, 0.3106558701962555, -0.5945919396019942, 0.3062493251270220, -0.5919716929931470, -0.2578178205920211, 0.5604198712655920, -0.3738180558048327, 0.7925197585445194, 0.9136195347661108, -1.8408840565250051, 0.8327676112863086, -1.6788552072570295, -1.1556529086027876, 2.3699858161087439, -1.7398333633221907, 3.5866490116062799, 0.0000027576223895, 0.0000019857428102, -0.0000029095819209, -0.0000008206585432, 0.0000027721320707, 0.0000007681138202, -0.0000024163192776, -0.0000018793459217
0.9400000000000001, 0.0061571702666642, -0.0007232491121438, 0.3462183279040932, -0.9999972695374580, 0.0004589068638338, -0.0016297369571042, 0.0016106767426824, -0.0133121549292384, 0.0025198632951799, -2.3329819626885935, -0.0241663976632995, -0.0451168976598644, -0.0000203674154595, 0.4101831673392912, -0.7954693417552267, 0.4046451796125164, -0.7907947531067310, -0.3626743320701899, 0.7755575381425927, -0.4498855484661324, 0.9494482595997107, 4.9763648571517853, -10.0438701076616237, 4.9197927242747213, -9.9411530056791992, -5.2428255739084415, 10.7568833438500313, -3.8033746330649820, 7.8464250527595647, 0.0000044851362029, 0.0000036070005033, -0.0000047355690598, -0.0000009662842424, 0.0000045043318976, 0.0000008401535051, -0.0000036178792869, -0.0000030483119149
0.9600000000000000, 0.0058909271680794, -0.0006728518462402, 0.2995586886503214, -0.9999977625937400, 0.0007012810156057, -0.0011789880887591, 0.0016102793352998, -0.0133121104111671, 0.0025190474625687, -2.5291807980082446, -0.0242241960196147, -0.0451184433021268, -0.0000396696514876, 0.4181660686596054, -0.8057192011803785, 0.4129170186306593, -0.7992957446281096, -0.3668223816239633, 0.7914689123575577, -0.5508385675902672, 1.1587071966553257, 0.3991450660157075, -0.5124929712575943, 0.4135919509071440, -0.4250495760689310, -0.2074024776886702, 0.7955687107482512, -5.0476509562067395, 10.4629468527807514, -0.7186891250042632, 0.4468752887679009, -0.7953231858986842, 0.8540213239300103, -0.7553912046951295, -1.4276880018779718, -0.0000069745718216, -0.0000065352383012
0.9800000000000000, 0.0056246849598561, -0.0006224708969888, 0.2489750726901565, -0.9999979928856992, 0.0009442331798729, -0.0007282242513313, 0.0016100738227949, -0.1030846521796235, -0.0607025418710719, -2.0375176062303848, 0.2746152424166164, -0.7253501983311461, -0.0014167566181115, 0.7140328910285094, -1.4007736490286500, 0.7089274241123402, -1.3955065951966410, -0.6574352757868157, 1.3954358000453067, -0.6616615128200130, 1.3903982333301927, 14.7933411184452019, -29.7527223924135704, 14.8005202740840449, -29.8105425284265699, -14.5306447081426207, 30.1983443843874468, -5.5411472614872892, 11.5845518337433511, -0.0348355897300888, 1.2116434113495538, -0.0404242269010533, 1.5117802601566821, -0.0458666564888471, -1.3733935332927951, -0.0348489893441881, -1.6692680040144563
1.0000000000000000, 0.0035629919162636, -0.0018365217344102, 0.2082247205655487, 0.9999757693534671, 0.0017901530441488, -0.0065294551914313, -0.0016193433617258, -0.0917255602267824, -0.0127097242459737, -1.4630618344802451, 0.1020965729545240, -0.0904637734669806, -0.0016022150360972, 0.8813970212420059, -1.7262702686722742, 0.8828463658915334, -1.7351133816198432, -0.8263450731392896, 1.7660610399145769, -0.8385151016663949, 1.7749270927525249, 8.3682065106748240, -16.2748309821812107, 8.6959470889596595, -16.9803393211601090, -8.4454898676236958, 18.5312619934635094, -8.8426794423190955, 19.2264429711166080, 0.0289702840889605, 1.5901533527566603, 0.0340249368757873, 1.7328504340279975, 0.0206477935411091, -1.6688386526281280, 0.0407182004285908, -1.8014628530555956
1.0200000000000000, 0.0017284807117280, -0.0020907162193297, 0.1789634838759439, 0.9999670790869951, 0.0028096650367483, -0.0074356300614802, -0.0016303159796227, -0.0671837504007502, 0.0043877881698162, -0.8995858046780579, 0.0056244833284390, 0.0184206963992621, -0.0000831476127695, 0.9831032911183283, -1.9482466471587621, 0.9858614692315569, -1.9608881148950137, -0.9377141831384069, 1.9899493011904041, -0.9529074509440302, 2.0025209954624761, 5.0853134938161180, -11.0988189243243944, 5.1507551670011749, -11.2887366637585256, -5.5684554999558653, 11.1944130637913641, -5.7196174638817654, 11.3796951354975580, 0.0368336459860686, 1.4214857639064089, 0.0426229796055757, 1.4567386556219937, 0.0306075028021923, -1.4705522802437094, 0.0480872829158551, -1.4948320454612698
1.0400000000000000, 0.0003848057037130, -0.0020029604559334, 0.1609717677823827, 0.9999682707714959, 0.0028662106969275, -0.0072515306345609, -0.0016302116308382, -0.0460774497023043, 0.0050869812282389, -0.4946409334812435, -0.0138811863915787, 0.0320027622501623, 0.0001974449099997, 1.0386574784079896, -2.0798400715561551, 1.0407795352105562, -2.0921839007714182, -1.0051981886643220, 2.1189209855486593, -1.0212842572318244, 2.1311751211116556, 2.7777093644830662, -6.5796712198696534, 2.7459032989499641, -6.5647892938202279, -3.3742002762957521, 6.4485842179127557, -3.4188403143897093, 6.4327062824589776, 0.0333471788868955, 1.1862816175200253, 0.0381157406342555, 1.2112926416629051, 0.0289521236814880, -1.2230987830391979, 0.0430759827952618, -1.2391607182994673
1.0600000000000001, -0.0005367432903331, -0.0019012208313686, 0.1510789491127578, 0.9999709315282422, 0.0027279196718007, -0.0069313133871746, -0.0016283266049421, -0.0298511963923307, 0.0053588243733322, -0.2102957130524172, -0.0280860261769543, 0.0299652594019776, 0.0003815672653410, 1.0660350729544747, -2.1509687081131208, 1.0674108136580847, -2.1624672423679692, -1.0432148045839238, 2.1876237150733333, -1.0595974023785744, 2.1990157246982536, 1.3688797273242570, -3.5564318278482832, 1.3315639223764220, -3.5141670798275459, -1.9008307959800907, 3.4351364762337022, -1.9156572573374997, 3.3920301793298968, 0.0277869063942890, 0.9822676270799418, 0.0317516461693462, 0.9993696996327573, 0.0246804071758223, -1.0119004175517208, 0.0362347386984569, -1.0216308186818495
1.0800000000000001, -0.0011337672181797, -0.0017940443439019, 0.1468730348517095, 0.9999736963714702, 0.0024475474997405, -0.0066312419455818, -0.0016256403890926, -0.0178300759820584, 0.0053685237256981, -0.0168166768924672, -0.0356904123347905, 0.0266667988228032, 0.0004722222484874, 1.0758995057602807, -2.1816834454815868, 1.0765037027275444, -2.1919066185220326, -1.0610923330969984, 2.2164906978596486, -1.0772166718574654, 2.2265974799812374, 0.4932216402902978, -1.5357368684232986, 0.4546444534729854, -1.4719688077031723, -0.8938764256537279, 1.4433491393157638, -0.8809634739445515, 1.3790877641491894, 0.0221479354876573, 0.8197481270370988, 0.0255074611759027, 0.8312814672870714, 0.0199037104504908, -0.8437782876307049, 0.0295277804386164, -0.8491308312060706
1.1000000000000001, -0.0014903687378209, -0.0016866738693880, 0.1465367013138601, 0.9999762465101242, 0.0020910784457197, -0.0063640294358480, -0.0016226323665296, -0.0091535598134431, 0.0052563680916682, 0.1091657359234357, -0.0378448967167593, 0.0242295741967898, 0.0005582456799052, 1.0747472468541430, -2.1854670864936563, 1.0746224551419186, -2.1941885905247482, -1.0651840169473841, 2.2188518722442154, -1.0806501192581404, 2.2274552940481964, -0.0576129453068841, -0.1891820506034758, -0.0940623792812900, -0.1140986001357813, -0.2045841925192859, 0.1180587192283422, -0.1716723700337486, 0.0428907033479531, 0.0170642776657951, 0.6960515896910707, 0.0198983241125324, 0.7037902014293491, 0.0153837896669079, -0.7153727279325077, 0.0235047025649895, -0.7178864864401546
1.1200000000000001, -0.0016734399340898, -0.0015815465075546, 0.1487200160323289, 0.9999784877911594, 0.0017130210555377, -0.0061211525410410, -0.0016189519260441, -0.0030589045998337, 0.0050776056514373, 0.1858062486300532, -0.0373602192973296, 0.0226414730195943, 0.0003577531695389, 1.0666927817161009, -2.1717269576962894, 1.0659142287617642, -2.1788972032541287, -1.0600594007964561, 2.2039595951106374, -1.0746393656218582, 2.2110169634308479, -0.4027232569021044, 0.6870064398683429, -0.4354113190077169, 0.7645693635309758, 0.2562308075463982, -0.7446138566788996, 0.3005376818141059, -0.8219165308674281, 0.0126274075669255, 0.6048577929568113, 0.0151806778940806, 0.6100406053830046, 0.0113150027357864, -0.6203465845470285, 0.0184414385693804, -0.6209104600941556
1.1400000000000001, -0.0017346180260865, -0.0014799943945259, 0.1524361410049299, 0.9999804239426477, 0.0013397962409890, -0.0058941584720644, -0.0016172734528521, 0.0010828255347914, 0.0048791605929650, 0.2270696751674249, -0.0350004308138888, 0.0215846259369071, 0.0004056214718989, 1.0544670479981053, -2.1471616625024077, 1.0530885283466196, -2.1528097639440946, -1.0490721083361079, 2.1784061797602363, -1.0626730043445383, 2.1839517936375481, -0.6112866858997812, 1.2282647596940865, -0.6412850207572318, 1.3043719655017050, 0.5493646230174121, -1.2776707675200560, 0.5983180638659991, -1.3532584896649880, 0.0089612249776541, 0.5394892692921170, 0.0112515699469798, 0.5428484983996098, 0.0078867720083579, -0.5518845744354359, 0.0142455539043824, -0.5511161217028475
1.1599999999999999, -0.0017129615153906, -0.0013824111826666, 0.1569775345082784, 0.9999820870112922, 0.0009901471288581, -0.0056777697091187, -0.0016149911250146, 0.0037734818051387, 0.0046675104899482, 0.2435822823451769, -0.0318820109773823, 0.0207947926117741, 0.0003561538233578, 1.0399332900844285, -2.1165283997539390, 1.0380144207877633, -2.1207437838109908, -1.0346769021703808, 2.1468822822001119, -1.0472885275929680, 2.1510086855001207, -0.7266878956838418, 1.5316631374234335, -0.7537053779428149, 1.6032990066551900, 0.7197603082863546, -1.5761948780062207, 0.7692238375785143, -1.6471554068713701, 0.0059611451508826, 0.4939148621721780, 0.0080849930069318, 0.4959331369917652, 0.0050416545219008, -0.5039234213458804, 0.0108849569659139, -0.5021413570318094
1.1799999999999999, -0.0016374918792878, -0.0012890609728676, 0.1618491801551820, 0.9999835165827748, 0.0006716694822104, -0.0054693275929837, -0.0016130339533870, 0.0054045619800607, 0.0044402492745750, 0.2433328714063646, -0.0286605705410702, 0.0201077882040657, 0.0003083249043922, 1.0244106036137226, -2.0831868779787377, 1.0219995661812413, -2.0860819781441742, -1.0186334738856948, 2.1127068613164015, -1.0303023546789511, 2.1155282733420848, -0.7761343235352935, 1.6670760887600666, -0.8007427303260983, 1.7330902833408324, 0.8021714142342984, -1.7087710441855197, 0.8493086457008414, -1.7740206079017939, 0.0035508076317026, 0.4631441543475573, 0.0055667075780336, 0.4641197401020776, 0.0027320427041872, -0.4713586000645021, 0.0082356008343349, -0.4687499416416511
1.2000000000000000, -0.0015294006396866, -0.0012002559873761, 0.1667158375833092, 0.9999847524518207, 0.0003853950119065, -0.0052678058598000, -0.0016113832501766, 0.0062760450681592, 0.0041973898274065, 0.2322447707839531, -0.0255995078002441, 0.0194371864858300, 0.0002650285336971, 1.0088284484651420, -2.0494649219909986, 1.0059657423405233, -2.0511542585777307, -1.0021778054289601, 2.0781835929884074, -1.0129751747058613, 2.0798150890157823, -0.7791077574290317, 1.6860977993869541, -0.8016911920359027, 1.7463859783221736, 0.8227834228367370, -1.7261634163997064, 0.8663589986544928, -1.7856592163151275, 0.0016364288078818, 0.4432005894808660, 0.0035883181205072, 0.4433332249354535, 0.0008827453699692, -0.4501005186414073, 0.0061768568481121, -0.4467816341120685
1.2200000000000000, -0.0014038797383235, -0.0011163081908280, 0.1713607329989883, 0.9999858275671584, 0.0001297200977749, -0.0050730381576639, -0.0016100066374075, 0.0066144881534078, 0.0039412797395863, 0.2146386347888113, -0.0228048986049049, 0.0187462760344289, 0.0002272596347289, 0.9938265061880472, -2.0169226647048171, 0.9905470808516278, -2.0175151470244939, -0.9861468878153949, 2.0448586184873299, -0.9961528970535024, 2.0454089108138103, -0.7500971138547363, 1.6271128643090771, -0.7709330744447740, 1.6819555776618422, 0.8015458806782561, -1.6662487250538760, 0.8411138826179443, -1.7203089100986002, 0.0001294851513158, 0.4310143255809689, 0.0020495158114936, 0.4304450734777503, -0.0005828299634358, -0.4369726960786228, 0.0045964475132428, -0.4330236981779214
1.2400000000000000, -0.0012715899752553, -0.0010374825960363, 0.1756535056947645, 0.9999867681783706, -0.0000980201996564, -0.0048852234622743, -0.0016088666638096, 0.0065889337006592, 0.0036760690411032, 0.1936038454805394, -0.0203042928640355, 0.0180261532965964, 0.0001949327960979, 0.9798227995238320, -1.9865510776424584, 0.9761573950267907, -1.9861465545233572, -0.9710790085257193, 2.0137151618819780, -0.9803739575549683, 2.0132839639963547, -0.7001853332107622, 1.5185793531179326, -0.7194842912418564, 1.5684296250568330, 0.7533939644837839, -1.5571728302675947, 0.7889469749267075, -1.6062473408727795, -0.0010477678775075, 0.4242635110284429, 0.0008631360739827, 0.4231095835778860, -0.0017346554155970, -0.4295641416948365, 0.0033966741336097, -0.4250522179730701
1.2600000000000000, -0.0011398113012421, -0.0009639612152142, 0.1795255826043753, 0.9999875951158407, -0.0003007664332006, -0.0047046492885371, -0.0016079269454848, 0.0063241100594505, 0.0034082185864505, 0.1712941322424321, -0.0180914438676365, 0.0172813730292158, 0.0001670935638423, 0.9670647000405940, -1.9589203564539102, 0.9630426486588922, -1.9576126875352304, -0.9572915177113523, 1.9853207409502682, -0.9659520758271067, 1.9839997248101424, -0.6379049741619014, 1.3815360594274129, -0.6557373183949222, 1.4266933494063383, 0.6893745407183460, -1.4197210465854870, 0.7210940863930759, -1.4642119593106129, -0.0019610812270233, 0.4212440440255058, -0.0000435977470740, 0.4195800455156612, -0.0026333197197293, -0.4260882075373248, 0.0024960877054308, -0.4210651019089993
1.2800000000000000, -0.0010133291000531, -0.0008957968434852, 0.1829514652492240, 0.9999883250727878, -0.0004813965692805, -0.0045315576721786, -0.0016071591481035, 0.0059109723116560, 0.0031420518233583, 0.1491608781888041, -0.0161393133681311, 0.0165216804646861, 0.0001434995004949, 0.9556725462372767, -1.9342987924178776, 0.9513199904096786, -1.9321710886643535, -0.9449419775999811, 1.9599422275938110, -0.9530384678519493, 1.9578138970749261, -0.5696076901658631, 1.2310782018016275, -0.5861329124606796, 1.2720799435438468, 0.6174770055685619, -1.2689256678228622, 0.6456803987578696, -1.3092913867608136, -0.0026644072050054, 0.4207050539580804, -0.0007302559074827, 0.4185969145506784, -0.0033292714415498, -0.4252379713509746, 0.0018282822146904, -0.4197503170563874
1.3000000000000000, -0.0008951096538200, -0.0008329558070180, 0.1859346828130000, 0.9999889716603031, -0.0006425180400018, -0.0043660936106647, -0.0016065350667585, 0.0054149531901935, 0.0028820407794606, 0.1281356790001072, -0.0144171786390147, 0.0157575863713001, 0.0001234553825008, 0.9456720448476746, -1.9127375992968823, 0.9410140255479150, -1.9098664826686123, -0.9340741319350298, 1.9376320823372439, -0.9416704656386270, 1.9347717709073919, -0.5000250694801034, 1.0780596560497679, -0.5152982430881803, 1.1152302997870622, 0.5433922832475679, -1.1155072628283524, 0.5684001106661174, -1.1521063083767102, -0.0032015643987557, 0.4217524531659466, -0.0012447472932158, 0.4192550400745848, -0.0038639076676069, -0.4260743477850126, 0.0013401923625687, -0.4201652190863363
1.3200000000000001, -0.0007868105900161, -0.0007753149914288, 0.1884973963930022, 0.9999895461566143, -0.0007864308682001, -0.0042082974755694, -0.0016060312373737, 0.0048823161862936, 0.0026318171075899, 0.1087718317030799, -0.0128957859328883, 0.0149984000128637, 0.0001064009069569, 0.9370230229711781, -1.8941410269333181, 0.9320833186841925, -1.8905965771231179, -0.9246539820003763, 1.9182965970033108, -0.9318076196969604, 1.9147730716049620, -0.4324510938248260, 0.9298286181782078, -0.4465353431861274, 0.9634952772747174, 0.4710074967326727, -0.9667742666966572, 0.4931422970833321, -0.9999349651214962, -0.0036077826569077, 0.4237550616368858, -0.0016252906600016, 0.4209148860864374, -0.0042707634790573, -0.4279330264004853, 0.0009898378481103, -0.4216426435682002
1.3400000000000001, -0.0006891642662902, -0.0007226786492770, 0.1906728330270638, 0.9999900580305160, -0.0009151423828917, -0.0040581170081912, -0.0016056278809627, 0.0043450190544160, 0.0023941012323565, 0.0913529075543255, -0.0115487073349329, 0.0142515523140967, 0.0000918616990505, 0.9296415563995650, -1.8783182077386473, 0.9244427703724598, -1.8741645872029968, -0.9165969433985028, 1.9017474823550873, -0.9233592471161993, 1.8976236151334522, -0.3690733285806547, 0.7911409597335384, -0.3820274155866332, 0.8215994960060535, 0.4028519300936728, -0.8274557324111753, 0.4224186290380516, -0.8574728235754892, -0.0039112519496292, 0.4262744665903746, -0.0019021892193417, 0.4231315780526654, -0.0045768352066445, -0.4303518908480130, 0.0007442704494196, -0.4237178884519669
1.3600000000000001, -0.0006022638852019, -0.0006747966246299, 0.1924998911781503, 0.9999905153095009, -0.0010303955105570, -0.0039154260599384, -0.0016053083503824, 0.0038244198177742, 0.0021707441735593, 0.0759751432164674, -0.0103529095213155, 0.0135225600950184, 0.0000794387484496, 0.9234173778757192, -1.8650225012682784, 0.9179809493194024, -1.8603184535517625, -0.9097882567515833, 1.8877408492018399, -0.9162049582370407, 1.8830741517329315, -0.3112089261922912, 0.6647853235184464, -0.3230910526528685, 0.6923066825617163, 0.3404343323459791, -0.7003316576623675, 0.3577144439579294, -0.7274731700260384, -0.0041344639826293, 0.4290120333242873, -0.0020993713773375, 0.4256013178240094, -0.0048037750769354, -0.4330158106953055, 0.0005777811197537, -0.4260732958867965
1.3800000000000001, -0.0005257754888464, -0.0006313817411587, 0.1940193940424796, 0.9999909248460894, -0.0011337027534348, -0.0037800436802083, -0.0016050586610581, 0.0033340927672146, 0.0019628336166632, 0.0626091859493845, -0.0092886841224242, 0.0128152606275693, 0.0000687994420370, 0.9182270689678490, -1.8539805143583288, 0.9125732497835329, -1.8487797673117479, -0.9040979928498560, 1.8760059690404867, -0.9102096916894772, 1.8708490203055561, -0.2595154453935100, 0.5520993454974810, -0.2703849767934752, 0.5769343120007320, 0.2845131950863611, -0.5867440080676634, 0.2997633273781775, -0.6112565713687679, -0.0042953272129463, 0.4317695302659380, -0.0022356706669040, 0.4281216255553750, -0.0049689069208057, -0.4357154090800233, 0.0004704061577415, -0.4284969487545629
1.4000000000000001, -0.0004590936335021, -0.0005921250688254, 0.1952715777614673, 0.9999912925174665, -0.0012263794671186, -0.0036517508592464, -0.0016048670696753, 0.0028819625368742, 0.0017708262553931, 0.0511457023468304, -0.0083393097347597, 0.0121321254384007, 0.0000596676151838, 0.9139436974532451, -1.8449128605423792, 0.9080915214061784, -1.8392644682087238, -0.8993917765217235, 1.8662658598941462, -0.9052344295089730, 1.8606666636077951, -0.2141685757301948, 0.4533826907974770, -0.2240864188677250, 0.4757649551512033, 0.2353108164066253, -0.4870054573170246, 0.2487631090252074, -0.5091178348880510, -0.0044080725197812, 0.4344202270802183, -0.0023258642681971, 0.4305621869477289, -0.0050860624167742, -0.4383166780670925, 0.0004067148332433, -0.4308522819737103
1.4199999999999999, -0.0004014543827647, -0.0005567085437176, 0.1962944918084039, 0.9999916233804651, -0.0013095737528692, -0.0035303041381030, -0.0016047237083972, 0.0024719161957288, 0.0015946829855154, 0.0414284938340199, -0.0074906330025640, 0.0114745650047615, 0.0000518140889163, 0.9104435385667424, -1.8375483898553111, 0.9044107986363218, -1.8314970396368084, -0.8955381549399509, 1.8582514131138070, -0.9011435406104429, 1.8522537127352170, -0.1750079443251340, 0.3682235343534068, -0.1840361384928324, 0.3883714285957685, 0.1926810790886302, -0.4007223390169568, 0.2045444449265077, -0.4206475436289048, -0.0044839803209381, 0.4368878486228082, -0.0023815051665875, 0.4328436416300787, -0.0051662582449909, -0.4407387909758207, 0.0003748401920534, -0.4330559212350502
1.4399999999999999, -0.0003520160588501, -0.0005248148840073, 0.1971230616850843, 0.9999919217955746, -0.0013842921556150, -0.0034154461781958, -0.0016046202744553, 0.0021050158334453, 0.0014339939209461, 0.0332780380251551, -0.0067306565499344, 0.0108431903335001, 0.0000450483963929, 0.9076104736299656, -1.8316333533295084, 0.9014137151990057, -1.8252196557318761, -0.8924133789968176, 1.8517105106083558, -0.8978095314496002, 1.8453540809622877, -0.1416532468388410, 0.2957518262901360, -0.1498541718658042, 0.3138691952466188, 0.1562387971566659, -0.3270451252725626, 0.1667004580421350, -0.3449815886464647, -0.0045319616757534, 0.4391313207907093, -0.0024115848779634, 0.4349222196243578, -0.0052182404437677, -0.4429379952281562, 0.0003657109203768, -0.4350616135101488
1.4600000000000000, -0.0003099157421812, -0.0004961350055883, 0.1977886224455874, 0.9999921915285473, -0.0014514212369188, -0.0033069137216136, -0.0016045497698666, 0.0017804054837143, 0.0012880870416328, 0.0265077753607288, -0.0060491708697307, 0.0102380239008566, 0.0000392118996334, 0.9053385968919608, -1.8269367327963082, 0.8989931290295547, -1.8201975029021524, -0.8899042336818446, 1.8464133488447636, -0.8951158440376428, 1.8397342750240333, -0.1135938369002387, 0.2348310266600095, -0.1210293084725478, 0.2511076414861813, 0.1254572657486519, -0.2648580881796092, 0.1346843705978706, -0.2809902969127198, -0.0045590225235858, 0.4411337425808391, -0.0024230600103893, 0.4367786410944575, -0.0052489212384182, -0.4448959637217818, 0.0003724454260208, -0.4368486170409712
1.4800000000000000, -0.0002743076325069, -0.0004703732647557, 0.1983187779528020, 0.9999924358351059, -0.0015117454633476, -0.0032044434478821, -0.0016045062838799, 0.0014959844577100, 0.0011561185195758, 0.0209349681751916, -0.0054374422146292, 0.0096586639065458, 0.0000341722893564, 0.9035334877373666, -1.8232527534398162, 0.8970534115282468, -1.8162212873741250, -0.8879094369893106, 1.8421549741257204, -0.8929582224280188, 1.8351859222909050, -0.0902554577297099, 0.1841989678246003, -0.0969858750653974, 0.1988107764013702, 0.0997398346266998, -0.2129187359521612, 0.1078810804811980, -0.2274176366564129, -0.0045706352550489, 0.4428944280796143, -0.0024212705246702, 0.4384101102122732, -0.0052637300269131, -0.4466113962049721, 0.0003898750663647, -0.4384133369146359
1.5000000000000000, -0.0002443879433527, -0.0004472508943642, 0.1987374773163058, 0.9999926575324106, -0.0015659619710520, -0.0031077761931682, -0.0016044848099619, 0.0012489025937377, 0.0010371452291368, 0.0163875586726241, -0.0048879567565596, 0.0091044096986697, 0.0000298194678418, 0.9021125280576265, -1.8204014018795871, 0.8955107791788277, -1.8131077478725048, -0.8863400239233318, 1.8387558409861238, -0.8912450648052718, 1.8315263218093025, -0.0710479839870048, 0.1425675780114544, -0.0771316174709546, 0.1556769750810094, 0.0784706532989399, -0.1699566569798305, 0.0856578811373521, -0.1829800240801260, -0.0045710369421345, 0.4444231787385178, -0.0024102721182377, 0.4398245548696487, -0.0052668961428596, -0.4480939863210826, 0.0004141695641461, -0.4397633194467177
1.5200000000000000, -0.0002194098914779, -0.0004265079897814, 0.1990652284897583, 0.9999928590598175, -0.0016146927698928, -0.0030166599193138, -0.0016044810881093, 0.0010359202754746, 0.0009301812500153, 0.0127081288797312, -0.0043942165297139, 0.0085743566172177, 0.0000260631124952, 0.9010045696709749, -1.8182275984212841, 0.8942929717156297, -1.8106988201749625, -0.8851190421810758, 1.8360610337365355, -0.8898970879906984, 1.8285976571086049, -0.0553979193325838, 0.1086901729151490, -0.0608903731598998, 0.1204463848771153, 0.0610490871127967, -0.1347403624794130, 0.0673988407286663, -0.1464332350348818, -0.0045634694731659, 0.4457361810516169, -0.0023931002835237, 0.4410365019461948, -0.0052616774283674, -0.4493601133535029, 0.0004425432737435, -0.4409129637410513
1.5400000000000000, -0.0001986914859684, -0.0004079043647811, 0.1993193910673529, 0.9999930425307454, -0.0016584949054709, -0.0029308517376750, -0.0016044914593621, 0.0008536663629230, 0.0008342407465686, 0.0097558067648257, -0.0039505823802668, 0.0080674674811861, 0.0000228334766068, 0.9001491885160477, -1.8165995209054502, 0.8933385135126101, -1.8088599502556939, -0.8841808091897947, 1.8339386422678206, -0.8888465541876294, 1.8262653609513146, -0.0427690577463558, 0.0814038757916968, -0.0477229101509824, 0.0919434959634313, 0.0469116495640576, -0.1061195734357478, 0.0525266901534538, -0.1166148078645124, -0.0045503737970356, 0.4468530938137202, -0.0023719793602706, 0.4420641496768434, -0.0052505459201186, -0.4504297951370442, 0.0004730259045326, -0.4418804873031532
1.5600000000000001, -0.0001816181587100, -0.0003912195498497, 0.1995145072026494, 0.9999932097769989, -0.0016978690495777, -0.0028501192205335, -0.0016045127030812, 0.0006988197013391, 0.0007483697414176, 0.0074067572212140, -0.0035521635114949, 0.0075826265191423, 0.0000200905568693, 0.8994957033506461, -1.8154064504326217, 0.8925957362316015, -1.8074779262066030, -0.8834699161950774, 1.8322776581090949, -0.8880362457143319, 1.8244159977307652, -0.0326742582700823, 0.0596535236414231, -0.0371388640504289, 0.0691012024545468, 0.0355446497358636, -0.0830492079362810, 0.0405154236648719, -0.0924681610274702, -0.0045335485453563, 0.4477950085158443, -0.0023484861352519, 0.4429273210840418, -0.0052353402219127, -0.4513245655959931, 0.0005042857024630, -0.4426858104269515
1.5800000000000001, -0.0001676417646832, -0.0003762521550214, 0.1996626423470737, 0.9999933623865466, -0.0017332669855033, -0.0027742411747621, -0.0016045417757820, 0.0005682340950786, 0.0006716691621914, 0.0055537349093295, -0.0031947672338335, 0.0071186801277504, 0.0000178548996181, 0.8990020877190813, -1.8145564056902816, 0.8920216919634101, -1.8064584956331118, -0.8829401133914924, 1.8309856548314034, -0.8874183214518762, 1.8229549274076149, -0.0246807815782402, 0.0425022371170036, -0.0287022134095705, 0.0509715286745593, 0.0264901401792528, -0.0646001638845761, 0.0308962131227886, -0.0730535161575174, -0.0045142833910993, 0.4485830473955246, -0.0023236730163517, 0.4436460720013044, -0.0052173943533881, -0.4520660289460759, 0.0005354981502416, -0.4433491165182114
1.6000000000000001, -0.0001562770827816, -0.0003628187717776, 0.1997737170452603, 0.9999935017353757, -0.0017650985909896, -0.0027030080081143, -0.0016045752376103, 0.0004590221637911, 0.0006033102383123, 0.0041050498554896, -0.0028750337410541, 0.0066744673678222, 0.0000162954401746, 0.8986338647761422, -1.8139737509811793, 0.8915810469147386, -1.8057239528236015, -0.8825531696197366, 1.8299864365363918, -0.8869531474004413, 1.8218039337790439, -0.0184111471469572, 0.0291327354551174, -0.0220322524335737, 0.0367271404755121, 0.0193471885877872, -0.0499609147505797, 0.0232587025717435, -0.0575496814285481, -0.0044932999204902, 0.4492374926754943, -0.0022983309568792, 0.4442397186674871, -0.0051974771811918, -0.4526748080504859, 0.0005660804545781, -0.4438900102541921
1.6200000000000001, -0.0001470966395058, -0.0003507525670113, 0.1998558180423701, 0.9999936290120525, -0.0017937401705591, -0.0026362217867456, -0.0016046078016257, 0.0003686100170402, 0.0005425368845631, 0.0029831993361014, -0.0025915326854204, 0.0062488435039308, 0.0000148258792519, 0.8983630450312559, -1.8135969027190730, 0.8912450145555921, -1.8052108142220475, -0.8822777707358068, 1.8292177790229842, -0.8866081602301946, 1.8208989344959532, -0.0135409872443149, 0.0188424131053133, -0.0168016179573238, 0.0256569300776999, 0.0137699441964900, -0.0384328756703800, 0.0172493585123334, -0.0452499641545367, -0.0044708457119788, 0.4497772185633769, -0.0022730551031132, 0.4447262580839359, -0.0051758841888634, -0.4531699765388369, 0.0005956236218763, -0.4443269131844642
1.6400000000000001, -0.0001397244391650, -0.0003399018293201, 0.1999154820290922, 0.9999937452021836, -0.0018195537282065, -0.0025736960557736, -0.0016046399449450, 0.0002947721788116, 0.0004887228631530, 0.0021233448871427, -0.0023428836641019, 0.0058406986792344, 0.0000113010847728, 0.8981671674814060, -1.8133762273898690, 0.8909903410150187, -1.8048676377324457, -0.8820884900841527, 1.8286293599728654, -0.8863568060584954, 1.8201878249585888, -0.0097938774924922, 0.0110337664602000, -0.0127336770286701, 0.0171588244800902, 0.0094640325827067, -0.0294209525059430, 0.0125677085849596, -0.0355554768682209, -0.0044482067550432, 0.4502188666824991, -0.0022468493507906, 0.4451225496338166, -0.0051539347255817, -0.4535696130383353, 0.0006252722317824, -0.4446758477038707
1.6600000000000001, -0.0001338289955888, -0.0003301273720570, 0.1999579489268350, 0.9999938510882811, -0.0018428874273152, -0.0025152555186840, -0.0016046935018007, 0.0002356540272762, 0.0004415121030697, 0.0014717571818196, -0.0021184048445826, 0.0054489613635544, 0.0000102691054335, 0.8980284409151585, -1.8132721267807488, 0.8907983851733611, -1.8046530687567186, -0.8819648207470151, 1.8281808489134059, -0.8861776076705647, 1.8196285677009605, -0.0069363283123736, 0.0052050304560125, -0.0095977920828827, 0.0107284487863568, 0.0061834668568794, -0.0224255529729711, 0.0089599193965340, -0.0279628628814144, -0.0044243101515948, 0.4505780323526706, -0.0022206342392917, 0.4454428408562700, -0.0051306079581349, -0.4538887044755384, 0.0006542539982740, -0.4449522739489569
1.6799999999999999, -0.0001291159150432, -0.0003212971299956, 0.1999873840704714, 0.9999939475533151, -0.0018639827547119, -0.0024607356816382, -0.0016047445071172, 0.0001897854465729, 0.0004004296099554, 0.0009843119079723, -0.0019209728040367, 0.0050726268931870, 0.0000095198731547, 0.8979327442805113, -1.8132530917329199, 0.8906545542477755, -1.8045343713710211, -0.8818903323787559, 1.8278399981685816, -0.8860533163313401, 1.8191877193027681, -0.0047848317323629, 0.0009517523914426, -0.0071915462792782, 0.0059348692848737, 0.0037244184129592, -0.0170425372412186, 0.0062145669612323, -0.0220424199096181, -0.0043992316156759, 0.4508678240861708, -0.0021937924761397, 0.4457001729610452, -0.0051060158448464, -0.4541410255885876, 0.0006832991134662, -0.4451691569688168
1.7000000000000000, -0.0001253202061118, -0.0003132885377965, 0.2000070703086308, 0.9999940352466079, -0.0018831099197340, -0.0024099820902559, -0.0016047911267852, 0.0001560938021525, 0.0003651817591048, 0.0006250822526524, -0.0017506182748067, 0.0047107556948464, 0.0000088408599640, 0.8978692035949284, -1.8132945310729529, 0.8905473733038730, -1.8044856225735868, -0.8818519793329073, 1.8275814851620551, -0.8859701156690698, 1.8188386409138924, -0.0031770342791448, -0.0020719670016489, -0.0053590471951248, 0.0024374398717164, 0.0019176522924325, -0.0129256503263231, 0.0041600331135150, -0.0174539194437884, -0.0043726679883191, 0.4510994650080172, -0.0021657523911953, 0.4459059066741815, -0.0050798910201940, -0.4543382591892147, 0.0007130761684548, -0.4453379936504045
1.7200000000000000, -0.0001221983300687, -0.0003059849026144, 0.2000195719536839, 0.9999941146827972, -0.0019005394485928, -0.0023628496882754, -0.0016048336124629, 0.0001339167433640, 0.0003356527168285, 0.0003650597038187, -0.0016076412632930, 0.0043624758680389, 0.0000085980764784, 0.8978295607327780, -1.8133774445325912, 0.8904679694100667, -1.8044864948375468, -0.8818394606627826, 1.8273855839307447, -0.8859169759663719, 1.8185602998899799, -0.0019821431075207, -0.0041456729819145, -0.0039701946903170, -0.0000436131979975, 0.0006259335062320, -0.0097950615655207, 0.0026569851348968, -0.0139170511956221, -0.0043443140346007, 0.4512822438929375, -0.0021356433984627, 0.4460700033753207, -0.0050519604843495, -0.4544902981939521, 0.0007445351305635, -0.4454687534241945
1.7400000000000000, -0.0001195199952015, -0.0002992718482778, 0.2000268731477602, 0.9999941862602013, -0.0019165448898383, -0.0023192021257313, -0.0016048685251545, 0.0001230183270575, 0.0003119199265091, 0.0001810142256812, -0.0014945740149504, 0.0040269826338962, 0.0000107057669772, 0.8978076864759984, -1.8134873490188181, 0.8904096001921020, -1.8045211748979948, -0.8818446834248329, 1.8272371018412832, -0.8858850875426741, 1.8183361926655159, -0.0010937128389787, -0.0054952243113471, -0.0029184608982324, -0.0017340030224022, -0.0002611381025142, -0.0074241044730750, 0.0015944211848862, -0.0112053612231988, -0.0043139112041142, 0.4514235600749946, -0.0021022667205642, 0.4462012716241681, -0.0050219944778296, -0.4546053340498130, 0.0007789389400695, -0.4455700914933347
1.7600000000000000, -0.0001170596286603, -0.0002930334497476, 0.2000304934322739, 0.9999942502549872, -0.0019314251694781, -0.0022789110221548, -0.0016048733076984, 0.0001236108526716, 0.0002943064326245, 0.0000544953596232, -0.0014178251474333, 0.0037035306540193, 0.0000198756535603, 0.8977991892306892, -1.8136134303565403, 0.8903672585995936, -1.8045774090990181, -0.8818613434105779, 1.8271245359965345, -0.8858673397356720, 1.8181533952635216, -0.0004248622654579, -0.0063040668861092, -0.0021170796254188, -0.0028117100511649, -0.0008329992872480, -0.0056282922374362, 0.0008873903501072, -0.0091398700997170, -0.0042798668578401, 0.4515297583015428, -0.0020654930549509, 0.4463068504242241, -0.0049884383640073, -0.4546893736669811, 0.0008164798563273, -0.4456501698138637
1.7800000000000000, -0.0001145874116069, -0.0002871473210952, 0.2000315833394664, 0.9999943067998608, -0.0019455434123505, -0.0022418552551521, -0.0016047783995145, 0.0001363847299618, 0.0002835944531823, -0.0000290316054684, -0.0013817652508143, 0.0033914306079420, 0.0000362288028790, 0.8978011011098949, -1.8137478894577468, 0.8903373538356583, -1.8046456644835795, -0.8818846132212615, 1.8270394207836389, -0.8858578342810958, 1.8180017286085151, 0.0000955939602809, -0.0067229550603232, -0.0014952381967692, -0.0034127692280728, -0.0011634905341840, -0.0042557606447780, 0.0004752727288115, -0.0075833327503272, -0.0042396556649717, 0.4516061249518012, -0.0020258652795719, 0.4463925320054614, -0.0049488103788101, -0.4547466229917331, 0.0008566740738611, -0.4457166034631724
1.8000000000000000, -0.0001118597170076, -0.0002814754320315, 0.2000310027073570, 0.9999943558555419, -0.0019593064543064, -0.0022079205203638, -0.0016045130893171, 0.0001625465344122, 0.0002811937407889, -0.0000809232940137, -0.0013850197689214, 0.0030900452178784, 0.0000505951921986, 0.8978116737833194, -1.8138852818152589, 0.8903174178770651, -1.8047185647910513, -0.8819107134875085, 1.8269756695612209, -0.8858516371100702, 1.8178731959686918, 0.0005286336712262, -0.0068696178756045, -0.0009967979296588, -0.0036450153735879, -0.0013050133123471, -0.0031875611208987, 0.0003098585512784, -0.0064266319911632, -0.0041919878664152, 0.4516559370606997, -0.0019824222829079, 0.4464640197034559, -0.0049018519085912, -0.4547806121251999, 0.0009005210863584, -0.4457756387574312
1.8200000000000001, -0.0001086087863194, -0.0002758515572157, 0.2000293842414767, 0.9999943971801417, -0.0019731071892975, -0.0021769990854550, -0.0016040982907808, 0.0002038654752985, 0.0002890913654977, -0.0001099812056261, -0.0014285574242646, 0.0027987697403992, 0.0000531620406684, 0.8978302609767593, -1.8140218832982209, 0.8903058437193554, -1.8047905295442506, -0.8819364224324961, 1.8269289434558529, -0.8858446934993622, 1.8177616218693986, 0.0009293596719973, -0.0068300741481009, -0.0005787078854846, -0.0035982376599630, -0.0012854472493828, -0.0023363052684022, 0.0003471805353983, -0.0055787049646594, -0.0041364399214773, 0.4516806952062439, -0.0019330709485012, 0.4465269829702526, -0.0048471627722023, -0.4547940787118249, 0.0009501373702301, -0.4458325652971986
1.8400000000000001, -0.0001045314768134, -0.0002700697299058, 0.2000271846173642, 0.9999944302791353, -0.0019873479952038, -0.0021489894438389, -0.0016036530248397, 0.0002627305291518, 0.0003098891312557, -0.0001229743629815, -0.0015211987329213, 0.0025170087719487, 0.0000391743311025, 0.8978572170655128, -1.8141553454602035, 0.8903017109917650, -1.8048573181958343, -0.8819588463233332, 1.8268963063532373, -0.8858335643085740, 1.8176621981752104, 0.0013478044376736, -0.0066731080991311, -0.0002066363795183, -0.0033394325791858, -0.0011211945418532, -0.0016318551307792, 0.0005564595394136, -0.0049711847094125, -0.0040729699720230, 0.4516801247899682, -0.0018750778992031, 0.4465873150207426, -0.0047847212827124, -0.4547885044578016, 0.0010082724451724, -0.4458924447482588
1.8600000000000001, -0.0000992768662304, -0.0002638719472807, 0.2000247251301046, 0.9999944543319834, -0.0020025193630499, -0.0021237959991218, -0.0016033440159070, 0.0003422183643522, 0.0003469513391907, -0.0001250749623222, -0.0016863626852678, 0.0022441521826055, 0.0000115388856607, 0.8978938188453701, -1.8142845619161674, 0.8903046783689157, -1.8049155248513318, -0.8819753700376287, 1.8268760917723890, -0.8858150481391167, 1.8175709828365056, 0.0018300889928657, -0.0064608227981933, 0.0001483688575332, -0.0029103327748747, -0.0008261857147751, -0.0010107290424166, 0.0009258084728625, -0.0045607669352354, -0.0040001058612437, 0.4516520429138242, -0.0018069121229110, 0.4466514821660070, -0.0047130859019180, -0.4547622454995585, 0.0010764891448469, -0.4459622281832565
1.8800000000000001, -0.0000924324989433, -0.0002569329204969, 0.2000222236308581, 0.9999944680135792, -0.0020193460371755, -0.0021013288272191, -0.0016033093839987, 0.0004461697089722, 0.0004044487644590, -0.0001202188950214, -0.0019935435593802, 0.0019795944418018, -0.0000276300337142, 0.8979422661563639, -1.8144097626827755, 0.8903148772738484, -1.8049619812165141, -0.8819837467028862, 1.8268679961432759, -0.8857857141310539, 1.8174843080040255, 0.0024223655496869, -0.0062600383304079, 0.0005099452466351, -0.0023228182591151, -0.0004188332628718, -0.0004047814556540, 0.0014667004031410, -0.0043337416240075, -0.0039183378437531, 0.4515917580070510, -0.0017249280546303, 0.4467272642099264, -0.0046327629885663, -0.4547131979228411, 0.0011584478763392, -0.4460483389527282
1.9000000000000001, -0.0000835091047639, -0.0002488439452077, 0.2000198192529577, 0.9999944685171406, -0.0020392477150779, -0.0020815029065445, -0.0016036675241917, 0.0005792743327113, 0.0004898306494209, -0.0001114129704984, -0.0024554112516339, 0.0017229795907975, -0.0000641797035583, 0.8980061978220581, -1.8145333929018221, 0.8903323561144241, -1.8049924775146871, -0.8819824240891185, 1.8268739596195211, -0.8857412282675179, 1.8173975046758939, 0.0031965832847147, -0.0061815109523300, 0.0008739420287840, -0.0015248149086489, 0.0000661306883809, 0.0002981738122632, 0.0022242931768002, -0.0043401664065801, -0.0038315670089277, 0.4514906915970761, -0.0016223003021932, 0.4468249331130021, -0.0045476463270037, -0.4546389767510582, 0.0012609691796860, -0.4461570167001148
1.9199999999999999, -0.0000719236181097, -0.0002390473322193, 0.2000175909935477, 0.9999944528308548, -0.0020637710889921, -0.0020642362866258, -0.0016043955138070, 0.0007471078145292, 0.0006137911487325, -0.0001009794555171, -0.0030637314943289, 0.0014757787700641, -0.0000509643261641, 0.8980898763244518, -1.8146586439789334, 0.8903579161288164, -1.8050029556413942, -0.8819699484484593, 1.8268966876949144, -0.8856766576421968, 1.8173060836267791, 0.0041839251196829, -0.0062625538555627, 0.0012780007196178, -0.0005239063353590, 0.0006237820329602, 0.0011364037696637, 0.0032285312660529, -0.0045710524557374, -0.0037306613023973, 0.4513429658687915, -0.0015073537858365, 0.4469489467284273, -0.0044487139511449, -0.4545288059585455, 0.0013758492055426, -0.4463045640356607
1.9399999999999999, -0.0000569814618191, -0.0002267715092446, 0.2000155714044374, 0.9999944186723149, -0.0020943814625461, -0.0020494314626681, -0.0016049988125333, 0.0009559324711086, 0.0007892564023799, -0.0000907534891174, -0.0038904975542531, 0.0012497868638097, 0.0000049325628870, 0.8981974874520428, -1.8147889239208665, 0.8903938618913522, -1.8049899403948564, -0.8819451064456238, 1.8269390074509217, -0.8855860749486162, 1.8172060507985197, 0.0053805563795473, -0.0065139970966577, 0.0017972881267869, 0.0006507623268925, 0.0012421001417739, 0.0021159878003663, 0.0045291346790322, -0.0050016414129717, -0.0036078691944448, 0.4511343417531143, -0.0013978699392860, 0.4470997133717319, -0.0043283814459534, -0.4543714727062977, 0.0014855009552224, -0.4465188635629007
1.9600000000000000, -0.0000378628123969, -0.0002109863811970, 0.2000137563346550, 0.9999943620520874, -0.0021332636688788, -0.0020368719525986, -0.0016050553905225, 0.0012112959103807, 0.0010327330648156, -0.0000822512848322, -0.0050979440828639, 0.0011096517352280, 0.0000203609470667, 0.8983348284115571, -1.8149299397562975, 0.8904422564739584, -1.8049488936947480, -0.8819069374916293, 1.8270053395017971, -0.8854624317605300, 1.8170916468264946, 0.0068670479757171, -0.0070507917715457, 0.0024197291303096, 0.0020523350054202, 0.0019084476997278, 0.0033166025437681, 0.0061821594043110, -0.0057201986012556, -0.0035126758246621, 0.4508065898531130, -0.0013087279478312, 0.4472619781124109, -0.0042362305266431, -0.4541997351790502, 0.0015751293946567, -0.4468423233643438
1.9800000000000000, -0.0000136368941893, -0.0001903317199007, 0.2000121113089584, 0.9999942748733612, -0.0021842220261697, -0.0020256939802612, -0.0016049792955338, 0.0015105613497785, 0.0013720221609353, -0.0000768117137886, -0.0065645180107212, 0.0013866175150365, 0.0000249116499344, 0.8985110779043102, -1.8150933093960084, 0.8905023569697730, -1.8048735924997863, -0.8818549326139991, 1.8271021641147762, -0.8852980543905569, 1.8169516283018727, 0.0088124746376539, -0.0081684819855488, 0.0030050247907309, 0.0037650597480843, 0.0026002438815120, 0.0048412306489554, 0.0082188684986551, -0.0070009262310933, -0.0036145616130982, 0.4502920290240947, -0.0014088964552105, 0.4471324224537092, -0.0043430392437439, -0.4543200122851049, 0.0014757805222181, -0.4473427798147734
2.0000000000000000, 0.0000165743328063, -0.0001628912766820, 0.2000105750746826, 0.9999941577353305, -0.0022498407004787, -0.0020117229070720, -0.0016048934464908, 0.0018050867523617, 0.0019260899243809, -0.0000758932975873, -0.0018279925773882, 0.0037570754088358, 0.0000381062198764, 0.8987314560086047, -1.8152975796712705, 0.8905732053241796, -1.8047706902507974, -0.8817899513563580, 1.8272233090293979, -0.8850884367366173, 1.8167678745786655, 0.0110189052147269, -0.0102135137631021, 0.0035424177203314, 0.0051451124494450, 0.0032490628820547, 0.0060572457310837, 0.0104808826969782, -0.0091876861603613, -0.0047432528824727, 0.4476200569599081, -0.0025752251691892, 0.4468124611590056, -0.0054825144545443, -0.4546054671304163, 0.0003211709978457, -0.4500095483144630
